<?xml version="1.0" encoding="UTF-8"?><MD_Metadata xmlns:gts="http://www.isotc211.org/2005/gts" xmlns:gco="http://www.isotc211.org/2005/gco" xmlns:xalan="http://xml.apache.org/xalan" xmlns:srv="http://www.isotc211.org/2005/srv" xmlns:gmx="http://www.isotc211.org/2005/gmx" xmlns:xlink="http://www.w3.org/1999/xlink" xmlns:xsi="http://www.w3.org/2001/XMLSchema-instance" xmlns:gml="http://www.opengis.net/gml" xmlns="http://www.isotc211.org/2005/gmd">
    <fileIdentifier>
        <gco:CharacterString>c55271de58434719b3248e4e3c2e9bb0</gco:CharacterString>
    </fileIdentifier>
    <language>
        <LanguageCode codeList="http://www.loc.gov/standards/iso639-2" codeListValue="eng" codeSpace="ISO639-2">eng</LanguageCode>
    </language>
    <characterSet>
        <MD_CharacterSetCode codeList="http://www.isotc211.org/2005/resources/Codelist/gmxCodelists.xml#MD_CharacterSetCode" codeListValue="utf8" codeSpace="ISOTC211/19115">utf8</MD_CharacterSetCode>
    </characterSet>
    <hierarchyLevel>
        <MD_ScopeCode codeList="http://www.isotc211.org/2005/resources/Codelist/gmxCodelists.xml#MD_ScopeCode" codeListValue="dataset" codeSpace="ISOTC211/19115">dataset</MD_ScopeCode>
    </hierarchyLevel>
    <hierarchyLevelName>
        <gco:CharacterString>dataset</gco:CharacterString>
    </hierarchyLevelName>
    <contact>
        <CI_ResponsibleParty>
            <organisationName>
                <gco:CharacterString>Ordnance Survey of Northern Ireland - Land &amp; Property Services</gco:CharacterString>
            </organisationName>
            <positionName>
                <gco:CharacterString>OSNI Product Management</gco:CharacterString>
            </positionName>
            <contactInfo>
                <CI_Contact>
                    <address>
                        <CI_Address>
                            <electronicMailAddress>
                                <gco:CharacterString>mapping.helpdesk@finance-ni.gov.uk</gco:CharacterString>
                            </electronicMailAddress>
                        </CI_Address>
                    </address>
                    <hoursOfService>
                        <gco:CharacterString>Available Monday to Friday (10am to 4pm)</gco:CharacterString>
                    </hoursOfService>
                </CI_Contact>
            </contactInfo>
            <role>
                <CI_RoleCode codeList="http://www.isotc211.org/2005/resources/Codelist/gmxCodelists.xml#CI_RoleCode" codeListValue="pointOfContact" codeSpace="ISOTC211/19115">pointOfContact</CI_RoleCode>
            </role>
        </CI_ResponsibleParty>
    </contact>
    <dateStamp>
        <gco:Date>2018-11-22</gco:Date>
    </dateStamp>
    <metadataStandardName>
        <gco:CharacterString>INSPIRE Metadata Implementing Rules: Technical Guidelines based on EN ISO 19115 and EN ISO 19119</gco:CharacterString>
    </metadataStandardName>
    <metadataStandardVersion>
        <gco:CharacterString>V. 2.0.1</gco:CharacterString>
    </metadataStandardVersion>
    <identificationInfo>
        <MD_DataIdentification>
            <citation>
                <CI_Citation>
                    <title>
                        <gmx:Anchor xlink:href="https://services.spatialni.gov.uk/opendata/rest/services/OSNIVector/OSNIOpenData_Boundaries_50K/MapServer/0">Boundaries 50K - NI Outline</gmx:Anchor>
                    </title>
                    <alternateTitle>
                        <gco:CharacterString>OSNIOpenData NI Outline</gco:CharacterString>
                    </alternateTitle>
                    <date>
                        <CI_Date>
                            <date>
                                <gco:Date>2011</gco:Date>
                            </date>
                            <dateType>
                                <CI_DateTypeCode codeList="http://www.isotc211.org/2005/resources/Codelist/gmxCodelists.xml#CI_DateTypeCode" codeListValue="creation" codeSpace="ISOTC211/19115">creation</CI_DateTypeCode>
                            </dateType>
                        </CI_Date>
                    </date>
                    <date>
                        <CI_Date>
                            <date>
                                <gco:Date>2018-11-22</gco:Date>
                            </date>
                            <dateType>
                                <CI_DateTypeCode codeList="http://www.isotc211.org/2005/resources/Codelist/gmxCodelists.xml#CI_DateTypeCode" codeListValue="publication" codeSpace="ISOTC211/19115">publication</CI_DateTypeCode>
                            </dateType>
                        </CI_Date>
                    </date>
                </CI_Citation>
            </citation>
            <abstract>
                <gco:CharacterString>Mid scale vector polygon dataset of NI Outline. Published here for OpenData. By download or use of this dataset you agree to abide by the LPS Open Government Data Licence.Please Note for Open Data NI Users: Esri Rest API is not Broken, it will not open on its own in a Web Browser but can be copied and used in Desktop and Webmaps</gco:CharacterString>
            </abstract>
            <purpose>
                <gco:CharacterString>OSNIOpenData NI Outline</gco:CharacterString>
            </purpose>
            <credit>
                <gco:CharacterString>Made and published by Ordnance Survey of Northern Ireland® and released under the Open
Government Licence v3.0</gco:CharacterString>
            </credit>
            <pointOfContact>
                <CI_ResponsibleParty>
                    <organisationName>
                        <gco:CharacterString>Ordnance Survey of Northern Ireland - Land &amp; Property Services</gco:CharacterString>
                    </organisationName>
                    <positionName>
                        <gco:CharacterString>OSNI Product Management</gco:CharacterString>
                    </positionName>
                    <contactInfo>
                        <CI_Contact>
                            <address>
                                <CI_Address>
                                    <electronicMailAddress>
                                        <gco:CharacterString>mapping.helpdesk@finance-ni.gov.uk</gco:CharacterString>
                                    </electronicMailAddress>
                                </CI_Address>
                            </address>
                            <hoursOfService>
                                <gco:CharacterString>Available Monday to Friday (10am to 4pm)</gco:CharacterString>
                            </hoursOfService>
                        </CI_Contact>
                    </contactInfo>
                    <role>
                        <CI_RoleCode codeList="http://www.isotc211.org/2005/resources/Codelist/gmxCodelists.xml#CI_RoleCode" codeListValue="pointOfContact" codeSpace="ISOTC211/19115">pointOfContact</CI_RoleCode>
                    </role>
                </CI_ResponsibleParty>
            </pointOfContact>
            <descriptiveKeywords>
                <MD_Keywords>
                    <keyword>
                        <gco:CharacterString>OSNI</gco:CharacterString>
                    </keyword>
                    <keyword>
                        <gco:CharacterString>LPS</gco:CharacterString>
                    </keyword>
                    <keyword>
                        <gco:CharacterString>SpatialNI</gco:CharacterString>
                    </keyword>
                    <keyword>
                        <gco:CharacterString>Northern Ireland</gco:CharacterString>
                    </keyword>
                    <keyword>
                        <gco:CharacterString>NI</gco:CharacterString>
                    </keyword>
                    <keyword>
                        <gco:CharacterString>OpenData</gco:CharacterString>
                    </keyword>
                    <keyword>
                        <gco:CharacterString>open data</gco:CharacterString>
                    </keyword>
                    <keyword>
                        <gco:CharacterString>Boundaries</gco:CharacterString>
                    </keyword>
                    <keyword>
                        <gco:CharacterString>Boundary</gco:CharacterString>
                    </keyword>
                    <keyword>
                        <gco:CharacterString>50K</gco:CharacterString>
                    </keyword>
                    <keyword>
                        <gco:CharacterString>Administrative</gco:CharacterString>
                    </keyword>
                    <keyword>
                        <gco:CharacterString>Outline</gco:CharacterString>
                    </keyword>
                </MD_Keywords>
            </descriptiveKeywords>
            <resourceConstraints>
                <MD_Constraints>
                    <useLimitation>
                        <gco:CharacterString>Made and published by Ordnance Survey of Northern Ireland® and released under the OpenGovernment Licence v3.0</gco:CharacterString>
                    </useLimitation>
                </MD_Constraints>
            </resourceConstraints>
            <resourceConstraints>
                <MD_LegalConstraints>
                    <otherConstraints>
                        <gco:CharacterString>no limitations on public access</gco:CharacterString>
                    </otherConstraints>
                </MD_LegalConstraints>
            </resourceConstraints>
            <language>
                <LanguageCode codeList="http://www.loc.gov/standards/iso639-2" codeListValue="eng" codeSpace="ISO639-2">eng</LanguageCode>
            </language>
            <characterSet>
                <MD_CharacterSetCode codeList="http://www.isotc211.org/2005/resources/Codelist/gmxCodelists.xml#MD_CharacterSetCode" codeListValue="utf8" codeSpace="ISOTC211/19115">utf8</MD_CharacterSetCode>
            </characterSet>
            <extent>
                <EX_Extent>
                    <description>
                        <gco:CharacterString>Northern Ireland</gco:CharacterString>
                    </description>
                </EX_Extent>
            </extent>
            <supplementalInformation>
                <gco:CharacterString>To provide authoritative mapping and to meet public task requirements.</gco:CharacterString>
            </supplementalInformation>
        </MD_DataIdentification>
    </identificationInfo>
    <distributionInfo>
        <MD_Distribution>
            <transferOptions>
                <MD_DigitalTransferOptions>
                    <onLine>
                        <CI_OnlineResource>
                            <linkage>
                                <URL>https://services.spatialni.gov.uk/opendata/rest/services/OSNIVector/OSNIOpenData_Boundaries_50K/MapServer/0</URL>
                            </linkage>
                        </CI_OnlineResource>
                    </onLine>
                </MD_DigitalTransferOptions>
            </transferOptions>
        </MD_Distribution>
    </distributionInfo>
    <dataQualityInfo>
        <DQ_DataQuality>
            <scope gco:nilReason="missing"/>
            <lineage>
                <LI_Lineage>
                    <statement>
                        <gco:CharacterString>The data has been derived from OSNI Largescale database and has been topologically cleansed and attributed to create a seamless dataset.</gco:CharacterString>
                    </statement>
                </LI_Lineage>
            </lineage>
        </DQ_DataQuality>
    </dataQualityInfo>
    <metadataConstraints>
        <MD_Constraints>
            <useLimitation>
                <gco:CharacterString>Available as Open Data under the terms of the current Open Government Licence (OGL)</gco:CharacterString>
            </useLimitation>
        </MD_Constraints>
    </metadataConstraints>
</MD_Metadata>
